﻿Name ,Description,Latitude ,Longitude,InfroURL,ImageURL
UCSB,A great university located along the California coast!,34.416929,-119.845991,"https://en.wikipedia.org/wiki/University_of_California, _Santa_Barbara",https://www.history.ucsb.edu/wp-content/uploads/La goonFall20141.jpg
Anaheim,The city I grew up in and where I went to highschool. ,33.833686,-117.924079,"https://en.wikipedia.org/wiki/Anaheim,_California",https://encrypted-tbn0.gstatic.com/images?q=tbn:ANd9GcQXyYxEbVurDfkAvl93b0XiczQfENEI7rqI6g&usqp=CAU
Fullerton ,Where my friends and I would hang out.,33.872217,-117.9228,"https://en.wikipedia.org/wiki/Fullerton,_California",https://encrypted-tbn0.gstatic.com/images?q=tbn:ANd9GcQtSwRwZXGjeJRZB0Z4gQ6uDX543qZK0Qw_ZA&usqp=CAU
Balboa Beach,The beach I go to with my friends. ,33.6,-117.9,"https://en.wikipedia.org/wiki/Balboa_Peninsula,_Newport_Beach",https://www.californiabeaches.com/wp-content/uploads/2014/09/IMG_1108-Large-e1482908153380-1000x644.jpg
Jerez ,The city my parent grew up in and where I spend most of my vacations ,22.64952,-102.989912,https://en.wikipedia.org/wiki/Jerez_de_Garc%C3%ADa_Salinas,https://i.pinimg.com/originals/cf/df/79/cfdf799237dac3ce30b195493e974101.jpg
Joshua Tree/Twentynine Palms,Where I spent my spring break. ,34.145913,-116.05545,"https://en.wikipedia.org/wiki/Twentynine_Palms,_California",https://www.nps.gov/jotr/learn/nature/images/12489691874_b5bbfaa7e3_k.jpg?maxwidth=1200&maxheight=1200&autorotate=false